datetime,ELCE
2014-01-01,2343.304
2014-01-02,2343.377
2014-01-03,2295.579
2014-01-04,2443.4790000000003
2014-01-05,2438.8
2014-01-06,2212.044
2014-01-07,2215.5010000000007
2014-01-08,2195.519
2014-01-09,2229.4
2014-01-10,2208.3189999999995
2014-01-11,2393.209
2014-01-12,2358.3500000000004
2014-01-13,2151.4980000000005
2014-01-14,2201.8590000000004
2014-01-15,2154.7720000000004
2014-01-16,2178.9429999999998
2014-01-17,2210.927
2014-01-18,2350.7880000000005
2014-01-19,2383.674
2014-01-20,2113.636
2014-01-21,2137.122
2014-01-22,2141.9690000000005
2014-01-23,2218.5879999999997
2014-01-24,2311.4049999999997
2014-01-25,2469.8230000000003
2014-01-26,2544.522
2014-01-27,2383.166
2014-01-28,2429.141
2014-01-29,2415.924
2014-01-30,2474.939
2014-01-31,2454.7700000000004
2014-02-01,2576.3419999999996
2014-02-02,2185.6440000000002
2014-02-03,2236.42
2014-02-04,2415.7850000000003
2014-02-05,2407.28
2014-02-06,2377.829
2014-02-07,2363.3439999999996
2014-02-08,2579.7360000000003
2014-02-09,2592.802
2014-02-10,2329.7740000000003
2014-02-11,2381.2369999999996
2014-02-12,2385.258
2014-02-13,2333.1659999999997
2014-02-14,2279.676
2014-02-15,2494.7030000000004
2014-02-16,2437.4150000000004
2014-02-17,2323.2270000000003
2014-02-18,2331.167
2014-02-19,2312.074
2014-02-20,2292.0919999999996
2014-02-21,2282.237
2014-02-22,2513.618
2014-02-23,2447.849
2014-02-24,2171.6569999999997
2014-02-25,2215.908
2014-02-26,2208.77
2014-02-27,2181.456
2014-02-28,2218.575
2014-03-01,2315.485
2014-03-02,2355.8240000000005
2014-03-03,2158.8900000000003
2014-03-04,2155.2279999999996
2014-03-05,2097.8880000000004
2014-03-06,2109.54
2014-03-07,2078.666
2014-03-08,2227.683
2014-03-09,2247.5640000000003
2014-03-10,2030.1619999999998
2014-03-11,2021.2879999999998
2014-03-12,2014.376
2014-03-13,2008.801
2014-03-14,2003.4089999999999
2014-03-15,2190.3910000000005
2014-03-16,2160.833
2014-03-17,1886.4529999999997
2014-03-18,1879.2730000000001
2014-03-19,1872.6049999999998
2014-03-20,1881.946
2014-03-21,1901.1950000000002
2014-03-22,2093.8629999999994
2014-03-23,2183.542
2014-03-24,1998.7559999999999
2014-03-25,2019.8550000000002
2014-03-26,2053.1099999999997
2014-03-27,2065.6749999999997
2014-03-28,1990.5399999999997
2014-03-29,2092.7690000000002
2014-03-30,2001.6429999999998
2014-03-31,1847.1419999999996
2014-04-01,1839.9089999999999
2014-04-02,1836.822
2014-04-03,1876.2840000000003
2014-04-04,1853.8890000000001
2014-04-05,2090.512
2014-04-06,2076.304
2014-04-07,1801.4089999999997
2014-04-08,1792.2550000000003
2014-04-09,1846.245
2014-04-10,1903.4619999999998
2014-04-11,1904.5939999999998
2014-04-12,2052.88
2014-04-13,2069.838
2014-04-14,1873.522
2014-04-15,1932.958
2014-04-16,1984.8690000000001
2014-04-17,2035.1360000000004
2014-04-18,2118.786
2014-04-19,2161.874
2014-04-20,1972.1219999999996
2014-04-21,2017.391
2014-04-22,1813.4259999999997
2014-04-23,1826.2880000000002
2014-04-24,1900.3049999999996
2014-04-25,1915.6689999999999
2014-04-26,1989.769
2014-04-27,1967.5390000000002
2014-04-28,1834.4220000000003
2014-04-29,1852.9360000000004
2014-04-30,1816.0089999999998
2014-05-01,1752.649
2014-05-02,1774.1070000000004
2014-05-03,1944.692
2014-05-04,2006.4950000000001
2014-05-05,1795.906
2014-05-06,1772.118
2014-05-07,1798.561
2014-05-08,1797.859
2014-05-09,1796.1360000000002
2014-05-10,1898.356
2014-05-11,1955.389
2014-05-12,1773.53
2014-05-13,1881.889
2014-05-14,1824.8660000000007
2014-05-15,1889.181
2014-05-16,1935.437
2014-05-17,2053.702
2014-05-18,2013.314
2014-05-19,1738.31
2014-05-20,1743.62
2014-05-21,1748.6750000000002
2014-05-22,1789.306
2014-05-23,1798.788
2014-05-24,1893.0870000000002
2014-05-25,1856.869
2014-05-26,1726.5030000000002
2014-05-27,1753.5040000000001
2014-05-28,1783.5600000000002
2014-05-29,1789.2420000000004
2014-05-30,1794.9120000000003
2014-05-31,1912.62
2014-06-01,1959.6560000000004
2014-06-02,1754.5410000000004
2014-06-03,1749.0310000000004
2014-06-04,1733.9620000000002
2014-06-05,1770.8220000000001
2014-06-06,1746.359
2014-06-07,1851.1959999999997
2014-06-08,1891.2150000000004
2014-06-09,1796.101
2014-06-10,1832.0049999999999
2014-06-11,1862.108
2014-06-12,1837.0079999999998
2014-06-13,1778.069
2014-06-14,1820.836
2014-06-15,1835.317
2014-06-16,1702.0700000000002
2014-06-17,1728.9800000000002
2014-06-18,1728.2520000000002
2014-06-19,1763.6019999999996
2014-06-20,1775.3730000000003
2014-06-21,1791.7709999999997
2014-06-22,1806.118
2014-06-23,1737.17
2014-06-24,1742.4249999999997
2014-06-25,1792.3219999999997
2014-06-26,1685.437
2014-06-27,1685.3659999999998
2014-06-28,1755.417
2014-06-29,1786.1890000000005
2014-06-30,1704.3930000000003
2014-07-01,1705.273
2014-07-02,1691.7830000000001
2014-07-03,1691.0110000000002
2014-07-04,1716.285
2014-07-05,1797.2160000000001
2014-07-06,1823.8159999999998
2014-07-07,1765.7810000000002
2014-07-08,1760.48
2014-07-09,1737.3290000000002
2014-07-10,1764.085
2014-07-11,1714.966
2014-07-12,1779.9180000000003
2014-07-13,1807.952
2014-07-14,1689.983
2014-07-15,1703.5190000000002
2014-07-16,1738.4189999999999
2014-07-17,1806.1200000000001
2014-07-18,1778.537
2014-07-19,1837.32
2014-07-20,1850.3839999999996
2014-07-21,1771.3240000000003
2014-07-22,1807.0819999999999
2014-07-23,1784.723
2014-07-24,1787.1639999999998
2014-07-25,1779.3620000000003
2014-07-26,1826.0720000000003
2014-07-27,1783.4150000000002
2014-07-28,1746.2490000000003
2014-07-29,1757.4519999999998
2014-07-30,1832.6500000000003
2014-07-31,1776.964
2014-08-01,1668.4180000000003
2014-08-02,1712.1729999999998
2014-08-03,1753.7839999999997
2014-08-04,1654.419
2014-08-05,1716.1570000000002
2014-08-06,1656.725
2014-08-07,1667.1250000000005
2014-08-08,1696.68
2014-08-09,1798.9409999999996
2014-08-10,1861.5149999999999
2014-08-11,1798.1050000000002
2014-08-12,1796.8269999999998
2014-08-13,1744.5839999999996
2014-08-14,1802.3039999999999
2014-08-15,1762.4699999999996
2014-08-16,1617.3899999999999
2014-08-17,1719.8829999999998
2014-08-18,1608.263
2014-08-19,1686.8150000000003
2014-08-20,1767.7380000000003
2014-08-21,1715.091
2014-08-22,1733.6879999999999
2014-08-23,1898.8400000000001
2014-08-24,1853.2740000000003
2014-08-25,1687.2330000000004
2014-08-26,1750.5020000000002
2014-08-27,1808.2199999999998
2014-08-28,1754.0779999999997
2014-08-29,1770.691
2014-08-30,1867.755
2014-08-31,1953.757
2014-09-01,1835.3770000000002
2014-09-02,1906.4480000000003
2014-09-03,1839.1630000000005
2014-09-04,1916.0750000000005
2014-09-05,1837.1789999999999
2014-09-06,2039.9589999999998
2014-09-07,1967.6890000000003
2014-09-08,1703.0640000000003
2014-09-09,1757.342
2014-09-10,1873.4160000000002
2014-09-11,1932.76
2014-09-12,1911.2490000000005
2014-09-13,2117.1469999999995
2014-09-14,2104.085
2014-09-15,1887.7100000000003
2014-09-16,1886.33
2014-09-17,1830.2069999999997
2014-09-18,1824.2640000000001
2014-09-19,1841.374
2014-09-20,1941.606
2014-09-21,1966.948
2014-09-22,1865.165
2014-09-23,1859.8729999999998
2014-09-24,1845.0999999999997
2014-09-25,1966.3329999999999
2014-09-26,1973.433
2014-09-27,2002.4470000000001
2014-09-28,1992.938
2014-09-29,1826.4350000000006
2014-09-30,1799.0349999999999
2014-10-01,1874.7530000000002
2014-10-02,1911.6460000000004
2014-10-03,1843.1589999999999
2014-10-04,2042.8350000000003
2014-10-05,2058.8569999999995
2014-10-06,1859.869
2014-10-07,1883.7239999999997
2014-10-08,1876.7209999999998
2014-10-09,1759.352
2014-10-10,1836.702
2014-10-11,1875.124
2014-10-12,1933.1150000000005
2014-10-13,1750.7599999999998
2014-10-14,1795.1109999999999
2014-10-15,1856.8099999999997
2014-10-16,1838.403
2014-10-17,1879.2040000000002
2014-10-18,1949.9679999999998
2014-10-19,1961.3019999999997
2014-10-20,1808.7359999999999
2014-10-21,1865.7740000000003
2014-10-22,1873.0320000000004
2014-10-23,2119.332
2014-10-24,2114.158
2014-10-25,2224.178
2014-10-26,2346.794999999999
2014-10-27,2084.172
2014-10-28,2104.111
2014-10-29,2171.6540000000005
2014-10-30,2117.3589999999995
2014-10-31,2266.645
2014-11-01,2142.099
2014-11-02,2220.294
2014-11-03,2033.7039999999993
2014-11-04,2004.7589999999998
2014-11-05,1982.7419999999997
2014-11-06,2040.5869999999998
2014-11-07,2063.0249999999996
2014-11-08,2267.1110000000003
2014-11-09,2253.6059999999998
2014-11-10,1977.7469999999996
2014-11-11,1980.8659999999998
2014-11-12,1989.6200000000003
2014-11-13,2078.212
2014-11-14,2063.3759999999997
2014-11-15,2231.9450000000006
2014-11-16,2210.036
2014-11-17,1999.308
2014-11-18,2055.63
2014-11-19,2061.636
2014-11-20,2116.1359999999995
2014-11-21,2179.965
2014-11-22,2331.4629999999997
2014-11-23,2406.8969999999995
2014-11-24,2210.249
2014-11-25,2233.779
2014-11-26,2233.7169999999996
2014-11-27,2276.406
2014-11-28,2287.095999999999
2014-11-29,2487.408999999999
2014-11-30,2495.9329999999995
2014-12-01,2317.658
2014-12-02,2320.6569999999997
2014-12-03,2342.561
2014-12-04,2332.531
2014-12-05,2333.5280000000002
2014-12-06,2526.648
2014-12-07,2499.3199999999997
2014-12-08,2261.2490000000003
2014-12-09,2333.5250000000005
2014-12-10,2336.126
2014-12-11,2353.8749999999995
2014-12-12,2376.7149999999997
2014-12-13,2484.6189999999997
2014-12-14,2460.3639999999996
2014-12-15,2224.8529999999996
2014-12-16,2307.7909999999993
2014-12-17,2292.987
2014-12-18,2296.969
2014-12-19,2261.0349999999994
2014-12-20,2428.557
2014-12-21,2479.5890000000004
2014-12-22,2404.627
2014-12-23,2417.851
2014-12-24,2593.8089999999997
2014-12-25,2406.3170000000005
2014-12-26,2438.305
2014-12-27,2617.943
2014-12-28,2688.6379999999995
2014-12-29,2667.2580000000003
2014-12-30,2816.565
2014-12-31,3012.162
2015-01-01,2733.486397403318
2015-01-02,2539.5088435219955
2015-01-03,2705.4725333727106
2015-01-04,2638.3361622223965
2015-01-05,2471.0901877720858
2015-01-06,2496.517357430601
2015-01-07,2565.409529236243
2015-01-08,2598.0104782734047
2015-01-09,2619.0631247298
2015-01-10,2614.1517579257875
2015-01-11,2651.846787324018
2015-01-12,2433.6626136013483
2015-01-13,2324.0999025768315
2015-01-14,2232.7428117703353
2015-01-15,2302.1744937830395
2015-01-16,2207.8459951510554
2015-01-17,2371.400498068439
2015-01-18,2392.562581506539
2015-01-19,2181.910559762772
2015-01-20,2305.7941374420866
2015-01-21,2329.9880136297493
2015-01-22,2294.175171569017
2015-01-23,2352.4746526986646
2015-01-24,2543.7308953048105
2015-01-25,2525.1071908864765
2015-01-26,2314.164000790331
2015-01-27,2426.900233920602
2015-01-28,2369.202623290591
2015-01-29,2422.7886424785993
2015-01-30,2479.579434194775
2015-01-31,2597.802800451402
2015-02-01,2628.0679999999998
2015-02-02,2366.504000000001
2015-02-03,2466.35
2015-02-04,2444.54
2015-02-05,2484.146
2015-02-06,2573.743
2015-02-07,2667.8160000000003
2015-02-08,2730.5249999999996
2015-02-09,2524.8360000000002
2015-02-10,2428.5220000000004
2015-02-11,2357.026
2015-02-12,2363.2760000000003
2015-02-13,2359.3329999999996
2015-02-14,2500.233
2015-02-15,2437.522
2015-02-16,2243.781
2015-02-17,2301.9130000000005
2015-02-18,2292.829
2015-02-19,2294.719
2015-02-20,2281.045
2015-02-21,2450.5510000000004
2015-02-22,2534.1189999999997
2015-02-23,2256.704
2015-02-24,2289.2960000000003
2015-02-25,2286.6139999999996
2015-02-26,2185.478
2015-02-27,2197.128
2015-02-28,2415.0420000000004
2015-03-01,2563.035
2015-03-02,2312.5890000000004
2015-03-03,2110.65
2015-03-04,2233.115
2015-03-05,2351.612
2015-03-06,2384.516
2015-03-07,2588.9700000000003
2015-03-08,2492.595
2015-03-09,2277.7770000000005
2015-03-10,2198.8279999999995
2015-03-11,2358.5269999999996
2015-03-12,2314.299
2015-03-13,2302.323
2015-03-14,2530.367
2015-03-15,2552.254
2015-03-16,2283.7520000000004
2015-03-17,2246.1300000000006
2015-03-18,2177.581
2015-03-19,2133.7319999999995
2015-03-20,2214.660999999999
2015-03-21,2354.929
2015-03-22,2340.714
2015-03-23,2113.839
2015-03-24,2128.7349999999997
2015-03-25,2180.082
2015-03-26,2065.098
2015-03-27,2227.355
2015-03-28,2196.4019999999996
2015-03-29,2089.371
2015-03-30,2034.248
2015-03-31,2041.787
2015-04-01,2034.5300000000002
2015-04-02,2099.2900000000004
2015-04-03,2251.53
2015-04-04,2442.49
2015-04-05,2096.5099999999993
2015-04-06,2205.23
2015-04-07,2136.640000000001
2015-04-08,2110.44
2015-04-09,2033.3300000000004
2015-04-10,1933.6799999999998
2015-04-11,2057.3599999999997
2015-04-12,2018.6799999999996
2015-04-13,1789.6699999999996
2015-04-14,1805.3299999999997
2015-04-15,1799.5200000000002
2015-04-16,1801.18
2015-04-17,2005.8799999999999
2015-04-18,2302.65
2015-04-19,2190.11
2015-04-20,1872.3200000000006
2015-04-21,1831.51
2015-04-22,1808.3400000000001
2015-04-23,1829.61
2015-04-24,1880.99
2015-04-25,1916.8800000000003
2015-04-26,1843.25
2015-04-27,1796.7399999999996
2015-04-28,1946.4499999999998
2015-04-29,1799.96
2015-04-30,1816.1699999999998
2015-05-01,1818.0916946181587
2015-05-02,1750.8881073197017
2015-05-03,1940.134685075366
2015-05-04,1792.6744812692923
2015-05-05,1889.9891921019914
2015-05-06,1878.6583428132617
2015-05-07,1836.6567290678431
2015-05-08,1841.6086584813847
2015-05-09,2021.6180045449414
2015-05-10,2038.131770115493
2015-05-11,1860.3628184512866
2015-05-12,1878.7974350088612
2015-05-13,1908.7057046366263
2015-05-14,1959.5073007156675
2015-05-15,2062.96907378504
2015-05-16,2140.9322249413985
2015-05-17,2097.6172846344803
2015-05-18,1852.9997515467358
2015-05-19,1851.120654863785
2015-05-20,1836.0246802659717
2015-05-21,2068.61903369118
2015-05-22,2092.427367271175
2015-05-23,2339.0473667049714
2015-05-24,2056.3341241086446
2015-05-25,1874.853045402923
2015-05-26,1856.1191908627634
2015-05-27,1833.6438569106701
2015-05-28,1684.7667514550596
2015-05-29,1648.4183691957262
2015-05-30,1944.5632085692475
2015-05-31,2018.951938587022
2015-06-01,1729.5400000000002
2015-06-02,1757.2799999999997
2015-06-03,1853.7799999999997
2015-06-04,1899.9499999999998
2015-06-05,1833.1099999999997
2015-06-06,1908.9699999999996
2015-06-07,1962.29
2015-06-08,1873.6800000000005
2015-06-09,1783.29
2015-06-10,1731.67
2015-06-11,1827.3600000000004
2015-06-12,1922.7499999999995
2015-06-13,2009.9599999999998
2015-06-14,2083.39
2015-06-15,1786.02
2015-06-16,1900.1000000000004
2015-06-17,1707.5300000000002
2015-06-18,1680.4200000000005
2015-06-19,1852.7
2015-06-20,1981.02
2015-06-21,1907.95
2015-06-22,1697.81
2015-06-23,1950.3699999999997
2015-06-24,1640.8200000000002
2015-06-25,1646.3700000000001
2015-06-26,1256.0800000000002
2015-06-27,1697.4699999999998
2015-06-28,1733.6600000000003
2015-06-29,1665.06
2015-06-30,1692.7099999999996
2015-07-01,1722.9379999999999
2015-07-02,1804.457
2015-07-03,1866.1349999999998
2015-07-04,1857.9479999999999
2015-07-05,1861.932
2015-07-06,1937.8689999999997
2015-07-07,2052.5260000000003
2015-07-08,1980.5610000000001
2015-07-09,1633.3010000000002
2015-07-10,1565.808
2015-07-11,1683.837
2015-07-12,1755.9400000000003
2015-07-13,1718.18
2015-07-14,1699.392
2015-07-15,1788.5989999999995
2015-07-16,1835.658
2015-07-17,1916.0839999999998
2015-07-18,1929.1299999999997
2015-07-19,1973.2810000000004
2015-07-20,1909.1040000000003
2015-07-21,1861.3490000000002
2015-07-22,1902.4910000000002
2015-07-23,1840.972
2015-07-24,1738.195
2015-07-25,1619.721
2015-07-26,1591.4240000000002
2015-07-27,1562.191
2015-07-28,1566.7139999999995
2015-07-29,1588.5330000000004
2015-07-30,1564.263
2015-07-31,1438.9850000000001
2015-08-01,1521.805
2015-08-02,1659.4180000000001
2015-08-03,1563.5610000000001
2015-08-04,1623.0729999999999
2015-08-05,1731.4910000000002
2015-08-06,1840.388
2015-08-07,1943.188
2015-08-08,1968.396
2015-08-09,1932.3700000000001
2015-08-10,1890.5659999999998
2015-08-11,1826.0220000000002
2015-08-12,1788.473
2015-08-13,1797.2510000000002
2015-08-14,1886.1859999999997
2015-08-15,1858.9180000000003
2015-08-16,1799.655
2015-08-17,1700.1340000000002
2015-08-18,1681.2390000000005
2015-08-19,1805.5409999999997
2015-08-20,1809.2329999999997
2015-08-21,1774.4739999999997
2015-08-22,1827.5419999999995
2015-08-23,1837.116
2015-08-24,1808.9169999999997
2015-08-25,1864.8060000000005
2015-08-26,1727.2350000000004
2015-08-27,1748.223
2015-08-28,1775.808
2015-08-29,2053.757
2015-08-30,2026.848
2015-08-31,2005.4380000000003
2015-09-01,1798.2399999999998
2015-09-02,1765.12
2015-09-03,1753.5499999999997
2015-09-04,1785.1899999999998
2015-09-05,1945.8299999999997
2015-09-06,1908.3299999999997
2015-09-07,1721.65
2015-09-08,1747.3200000000002
2015-09-09,1763.23
2015-09-10,1792.2500000000002
2015-09-11,1806.2000000000003
2015-09-12,1889.0400000000002
2015-09-13,1906.8799999999997
2015-09-14,1783.35
2015-09-15,1785.46
2015-09-16,1794.94
2015-09-17,1803.2899999999997
2015-09-18,1798.47
2015-09-19,1866.2199999999996
2015-09-20,1928.3600000000001
2015-09-21,1746.8900000000003
2015-09-22,1764.5200000000002
2015-09-23,1815.1800000000005
2015-09-24,1930.0600000000002
2015-09-25,1979.2600000000002
2015-09-26,2045.2099999999998
2015-09-27,2084.56
2015-09-28,1909.06
2015-09-29,1934.5000000000002
2015-09-30,1961.8899999999996
2015-10-01,1950.7569999999998
2015-10-02,1945.98
2015-10-03,2095.667
2015-10-04,2080.022
2015-10-05,1851.8970000000002
2015-10-06,1920.729
2015-10-07,1985.665
2015-10-08,1944.6670000000004
2015-10-09,1949.6640000000002
2015-10-10,2169.028
2015-10-11,2248.431
2015-10-12,2004.575
2015-10-13,2092.77
2015-10-14,2120.121
2015-10-15,2132.6520000000005
2015-10-16,2046.2470000000003
2015-10-17,2193.5150000000003
2015-10-18,2208.458
2015-10-19,2098.6569999999997
2015-10-20,2012.1259999999997
2015-10-21,2007.626
2015-10-22,2043.0800000000002
2015-10-23,2044.4279999999999
2015-10-24,2175.2699999999995
2015-10-25,2262.418
2015-10-26,2041.747
2015-10-27,2037.2060000000001
2015-10-28,2028.155
2015-10-29,2103.2940000000003
2015-10-30,2062.3860000000004
2015-10-31,2229.331
2015-11-01,2204.589
2015-11-02,2092.925
2015-11-03,2156.3910000000005
2015-11-04,2131.2870000000003
2015-11-05,2145.1090000000004
2015-11-06,2157.9110000000005
2015-11-07,2292.695
2015-11-08,2273.646
2015-11-09,2042.83
2015-11-10,2090.041
2015-11-11,2095.2999999999997
2015-11-12,2114.255
2015-11-13,2166.436
2015-11-14,2356.8320000000003
2015-11-15,2333.0940000000005
2015-11-16,2065.881
2015-11-17,2126.591
2015-11-18,2086.988
2015-11-19,2130.272
2015-11-20,2168.22
2015-11-21,2473.254
2015-11-22,2483.0440000000003
2015-11-23,2353.4579999999996
2015-11-24,2401.8360000000002
2015-11-25,2433.2050000000004
2015-11-26,2452.6539999999995
2015-11-27,2437.7540000000004
2015-11-28,2564.571
2015-11-29,2586.936
2015-11-30,2335.9680000000003
2015-12-01,2233.522
2015-12-02,2170.92
2015-12-03,2259.903
2015-12-04,2247.7870000000003
2015-12-05,2449.538
2015-12-06,2457.3889999999997
2015-12-07,2280.085
2015-12-08,2383.5829999999996
2015-12-09,2362.098
2015-12-10,2358.2519999999995
2015-12-11,2423.918
2015-12-12,2627.488
2015-12-13,2593.2509999999997
2015-12-14,2402.8810000000003
2015-12-15,2356.1189999999997
2015-12-16,2376.008
2015-12-17,2424.002
2015-12-18,2440.3379999999997
2015-12-19,2589.6259999999997
2015-12-20,2666.872
2015-12-21,2402.9710000000005
2015-12-22,2380.107
2015-12-23,2434.673
2015-12-24,2683.466
2015-12-25,2460.539
2015-12-26,2466.951
2015-12-27,2484.0489999999995
2015-12-28,2454.367
2015-12-29,2536.6749999999997
2015-12-30,2611.2590000000005
2015-12-31,2815.7169999999996
2016-01-01,2511.672
2016-01-02,2659.4739999999997
2016-01-03,2760.157
2016-01-04,2669.2409999999995
2016-01-05,2696.362
2016-01-06,2652.2
2016-01-07,2573.0539999999996
2016-01-08,2563.261
2016-01-09,2677.425
2016-01-10,2576.552999999999
2016-01-11,2275.5820000000003
2016-01-12,2260.005
2016-01-13,2294.57
2016-01-14,2369.896
2016-01-15,2416.1949999999997
2016-01-16,2621.8160000000003
2016-01-17,2638.0710000000004
2016-01-18,2471.8940000000002
2016-01-19,2567.271
2016-01-20,2560.8759999999997
2016-01-21,2540.549
2016-01-22,2565.652
2016-01-23,2828.1099999999997
2016-01-24,2737.3750000000005
2016-01-25,2417.2580000000003
2016-01-26,2351.053
2016-01-27,2297.6300000000006
2016-01-28,2230.5310000000004
2016-01-29,2259.4190000000003
2016-01-30,2469.4669999999996
2016-01-31,2442.971
2016-02-01,2236.72
2016-02-02,2242.03
2016-02-03,2301.28
2016-02-04,2303.45
2016-02-05,2330.0800000000004
2016-02-06,2472.47
2016-02-07,2445.68
2016-02-08,2313.6200000000003
2016-02-09,2161.23
2016-02-10,2221.38
2016-02-11,2224.7999999999997
2016-02-12,2381.77
2016-02-13,2482.620000000001
2016-02-14,2507.51
2016-02-15,2336.8499999999995
2016-02-16,2367.8900000000003
2016-02-17,2391.9700000000003
2016-02-18,2370.8700000000003
2016-02-19,2338.3399999999997
2016-02-20,2446.84
2016-02-21,2354.81
2016-02-22,2124.4900000000002
2016-02-23,2114.04
2016-02-24,2125.03
2016-02-25,2193.6199999999994
2016-02-26,2295.8300000000004
2016-02-27,2485.3799999999997
2016-02-28,2472.0600000000004
2016-02-29,2229.8799999999997
2016-03-01,2175.21
2016-03-02,2154.92
2016-03-03,2305.0799999999995
2016-03-04,2257.6499999999996
2016-03-05,2408.0400000000004
2016-03-06,2344.2999999999997
2016-03-07,2245.1800000000003
2016-03-08,2200.399999999999
2016-03-09,2219.11
2016-03-10,2121.3900000000003
2016-03-11,2194.1400000000003
2016-03-12,2392.6399999999994
2016-03-13,2420.82
2016-03-14,2119.3899999999994
2016-03-15,2245.18
2016-03-16,2295.8300000000004
2016-03-17,2156.52
2016-03-18,2131.53
2016-03-19,2241.87
2016-03-20,2220.62
2016-03-21,2084.1499999999996
2016-03-22,2075.2999999999997
2016-03-23,2169.66
2016-03-24,2176.8500000000004
2016-03-25,2319.83
2016-03-26,2352.13
2016-03-27,1979.8599999999997
2016-03-28,2134.28
2016-03-29,1950.24
2016-03-30,1964.9599999999998
2016-03-31,1911.2600000000004
2016-04-01,1912.3300000000002
2016-04-02,2077.8999999999996
2016-04-03,2087.4500000000003
2016-04-04,1834.9900000000002
2016-04-05,1832.0900000000001
2016-04-06,1806.67
2016-04-07,1801.1100000000001
2016-04-08,1954.7199999999996
2016-04-09,2125.6699999999996
2016-04-10,2082.3699999999994
2016-04-11,1809.51
2016-04-12,1803.2799999999997
2016-04-13,1801.52
2016-04-14,1917.9199999999998
2016-04-15,1862.15
2016-04-16,1971.8600000000001
2016-04-17,1979.9099999999999
2016-04-18,1812.81
2016-04-19,1865.58
2016-04-20,1852.13
2016-04-21,1841.0499999999995
2016-04-22,1821.3400000000001
2016-04-23,1987.3300000000002
2016-04-24,2121.98
2016-04-25,1944.23
2016-04-26,1955.1500000000003
2016-04-27,2123.5699999999997
2016-04-28,2110.9599999999996
2016-04-29,1999.52
2016-04-30,2001.2299999999998
2016-05-01,2090.837
2016-05-02,2125.136
2016-05-03,1901.252
2016-05-04,1909.0640000000003
2016-05-05,1877.3020000000001
2016-05-06,1822.9540000000004
2016-05-07,1960.9349999999997
2016-05-08,1989.4259999999995
2016-05-09,1772.1919999999998
2016-05-10,1833.8229999999999
2016-05-11,1872.5740000000003
2016-05-12,1926.6499999999996
2016-05-13,1859.8789999999997
2016-05-14,2079.3619999999996
2016-05-15,2131.1229999999996
2016-05-16,1867.5750000000003
2016-05-17,1843.7790000000002
2016-05-18,1814.6629999999998
2016-05-19,1842.104
2016-05-20,1846.966
2016-05-21,1903.248
2016-05-22,1894.243
2016-05-23,1749.9290000000003
2016-05-24,1808.497
2016-05-25,1748.6659999999997
2016-05-26,1749.8379999999997
2016-05-27,1763.8110000000001
2016-05-28,1883.9910000000002
2016-05-29,1892.982
2016-05-30,1732.8159999999996
2016-05-31,1728.3999999999999
2016-06-01,1809.2889999999998
2016-06-02,1802.2220000000002
2016-06-03,1818.3279999999997
2016-06-04,1920.1499999999996
2016-06-05,1955.9340000000002
2016-06-06,1803.2500000000005
2016-06-07,1809.6530000000005
2016-06-08,1823.9430000000002
2016-06-09,1837.0
2016-06-10,1816.756
2016-06-11,1922.9439999999997
2016-06-12,1975.257
2016-06-13,1790.737
2016-06-14,1826.528
2016-06-15,1805.877
2016-06-16,1801.42
2016-06-17,1810.3960000000002
2016-06-18,1877.078
2016-06-19,1964.6650000000002
2016-06-20,1781.0339999999997
2016-06-21,1772.467
2016-06-22,1799.914
2016-06-23,1864.179
2016-06-24,1947.227
2016-06-25,1972.9500000000005
2016-06-26,1898.5480000000002
2016-06-27,1780.7230000000002
2016-06-28,1730.266
2016-06-29,1777.6440000000002
2016-06-30,1828.8580000000002
2016-07-01,1842.71
2016-07-02,1911.3399999999997
2016-07-03,1906.1099999999997
2016-07-04,1774.1400000000003
2016-07-05,1807.84
2016-07-06,1805.1899999999998
2016-07-07,1808.43
2016-07-08,1825.5900000000001
2016-07-09,1903.99
2016-07-10,1964.15
2016-07-11,1947.9300000000005
2016-07-12,2013.2100000000003
2016-07-13,1915.7800000000002
2016-07-14,1801.3000000000002
2016-07-15,1799.17
2016-07-16,1905.0300000000004
2016-07-17,1880.2399999999998
2016-07-18,1805.6899999999998
2016-07-19,1819.04
2016-07-20,1832.0200000000002
2016-07-21,1871.3
2016-07-22,1904.3600000000001
2016-07-23,1948.12
2016-07-24,1936.21
2016-07-25,1821.6899999999996
2016-07-26,1848.2
2016-07-27,1850.28
2016-07-28,1826.15
2016-07-29,1818.9299999999998
2016-07-30,1900.82
2016-07-31,1904.2599999999995
2016-08-01,1718.9289999999996
2016-08-02,1679.3519999999999
2016-08-03,1692.7920000000001
2016-08-04,1734.5810000000001
2016-08-05,1749.114
2016-08-06,1764.469
2016-08-07,1752.6999999999998
2016-08-08,1685.4430000000002
2016-08-09,1714.6739999999998
2016-08-10,1777.3300000000004
2016-08-11,1712.2489999999998
2016-08-12,1687.6299999999999
2016-08-13,1738.9319999999996
2016-08-14,1727.5779999999997
2016-08-15,1715.688
2016-08-16,1674.744
2016-08-17,1752.746
2016-08-18,1729.9009999999998
2016-08-19,1745.739
2016-08-20,1795.427
2016-08-21,1896.012
2016-08-22,1737.1889999999996
2016-08-23,1725.8619999999996
2016-08-24,1728.229
2016-08-25,1740.3169999999998
2016-08-26,1743.8919999999998
2016-08-27,1805.145
2016-08-28,1829.9290000000003
2016-08-29,1773.8619999999999
2016-08-30,1770.1609999999998
2016-08-31,1770.8329999999999
2016-09-01,1766.5749999999996
2016-09-02,1770.1039999999998
2016-09-03,1848.2869999999998
2016-09-04,1892.5939999999996
2016-09-05,1776.861
2016-09-06,1801.8449999999998
2016-09-07,1765.8490000000004
2016-09-08,1767.0160000000003
2016-09-09,1775.1460000000002
2016-09-10,1864.685
2016-09-11,1892.2170000000003
2016-09-12,1780.649
2016-09-13,1790.018
2016-09-14,1791.613
2016-09-15,1795.4770000000003
2016-09-16,1814.218
2016-09-17,1915.4649999999997
2016-09-18,1948.6520000000007
2016-09-19,1801.077
2016-09-20,1790.735
2016-09-21,1785.7389999999998
2016-09-22,1791.9630000000004
2016-09-23,1818.601
2016-09-24,1896.0740000000003
2016-09-25,1939.9830000000002
2016-09-26,1812.983
2016-09-27,1825.345
2016-09-28,1836.9689999999998
2016-09-29,1839.2590000000002
2016-09-30,1837.922
2016-10-01,1940.732
2016-10-02,2079.7279999999996
2016-10-03,1889.0980000000002
2016-10-04,1941.1830000000002
2016-10-05,1950.5020000000002
2016-10-06,2010.5359999999998
2016-10-07,2088.7700000000004
2016-10-08,2180.106
2016-10-09,2223.8820000000005
2016-10-10,2131.836
2016-10-11,2140.252
2016-10-12,2084.1550000000007
2016-10-13,2102.552
2016-10-14,2090.9
2016-10-15,2256.069
2016-10-16,2179.474
2016-10-17,1971.9910000000002
2016-10-18,2082.096
2016-10-19,2065.569
2016-10-20,2145.043
2016-10-21,2153.134
2016-10-22,2274.0660000000003
2016-10-23,2297.398
2016-10-24,2020.1870000000001
2016-10-25,1960.38
2016-10-26,2016.16
2016-10-27,2012.302
2016-10-28,2060.476
2016-10-29,2169.332
2016-10-30,2236.427
2016-10-31,2129.2569999999996
2016-11-01,2129.05
2016-11-02,2035.3999999999996
2016-11-03,2111.5699999999997
2016-11-04,2193.1200000000003
2016-11-05,2327.88
2016-11-06,2318.9500000000003
2016-11-07,2206.8100000000004
2016-11-08,2265.9
2016-11-09,2229.0000000000005
2016-11-10,2226.74
2016-11-11,2357.09
2016-11-12,2552.3800000000006
2016-11-13,2547.84
2016-11-14,2309.84
2016-11-15,2343.6000000000004
2016-11-16,2326.8600000000006
2016-11-17,2237.96
2016-11-18,2213.79
2016-11-19,2393.86
2016-11-20,2348.53
2016-11-21,2099.1199999999994
2016-11-22,2063.87
2016-11-23,2058.1699999999996
2016-11-24,2068.81
2016-11-25,2146.7599999999998
2016-11-26,2373.17
2016-11-27,2382.91
2016-11-28,2235.28
2016-11-29,2328.51
2016-11-30,2395.23
2016-12-01,2408.9120000000003
2016-12-02,2404.2180000000003
2016-12-03,2609.3029999999994
2016-12-04,2637.486
2016-12-05,2389.1409999999996
2016-12-06,2428.638
2016-12-07,2485.544
2016-12-08,2529.452
2016-12-09,2478.0040000000004
2016-12-10,2645.1200000000003
2016-12-11,2629.38
2016-12-12,2380.71
2016-12-13,2407.086
2016-12-14,2414.379
2016-12-15,2459.3630000000003
2016-12-16,2502.503
2016-12-17,2688.7880000000005
2016-12-18,2740.574
2016-12-19,2626.8259999999996
2016-12-20,2654.936
2016-12-21,2705.4519999999998
2016-12-22,2754.991
2016-12-23,2780.8150000000005
2016-12-24,3043.817
2016-12-25,2754.9490000000005
2016-12-26,2623.179
2016-12-27,2559.066
2016-12-28,2565.4950000000003
2016-12-29,2621.6959999999995
2016-12-30,2745.5850000000005
2016-12-31,2981.418
2017-01-01,2641.809
2017-01-02,2658.916
2017-01-03,2588.072
2017-01-04,2664.978
2017-01-05,2667.516
2017-01-06,2800.898
2017-01-07,3035.2470000000003
2017-01-08,3080.1659999999997
2017-01-09,2853.7520000000004
2017-01-10,2887.4669999999996
2017-01-11,2966.6989999999996
2017-01-12,2783.9300000000003
2017-01-13,2736.2740000000003
2017-01-14,2821.6090000000004
2017-01-15,2863.500000000001
2017-01-16,2702.1130000000003
2017-01-17,2689.5460000000003
2017-01-18,2702.27
2017-01-19,2675.448
2017-01-20,2782.443
2017-01-21,2985.1499999999996
2017-01-22,2994.2900000000004
2017-01-23,2819.0969999999998
2017-01-24,2863.7389999999996
2017-01-25,2812.7709999999997
2017-01-26,2771.904
2017-01-27,2717.7950000000005
2017-01-28,2993.6579999999994
2017-01-29,3002.6260000000007
2017-01-30,2820.919
2017-01-31,2754.798000000001
2017-02-01,2670.558
2017-02-02,2504.459
2017-02-03,2427.8740000000003
2017-02-04,2540.241
2017-02-05,2542.3050000000003
2017-02-06,2392.8489999999997
2017-02-07,2372.5080000000003
2017-02-08,2518.6560000000004
2017-02-09,2526.442
2017-02-10,2549.038
2017-02-11,2667.1460000000006
2017-02-12,2665.251
2017-02-13,2452.9769999999994
2017-02-14,2385.973
2017-02-15,2362.6009999999997
2017-02-16,2329.414
2017-02-17,2323.657
2017-02-18,2466.6730000000002
2017-02-19,2411.342
2017-02-20,2243.3720000000003
2017-02-21,2263.512
2017-02-22,2188.6940000000004
2017-02-23,2140.8299999999995
2017-02-24,2259.817
2017-02-25,2383.3179999999998
2017-02-26,2406.9879999999994
2017-02-27,2162.307
2017-02-28,2163.934
2017-03-01,2177.197
2017-03-02,2191.1059999999998
2017-03-03,2129.1059999999998
2017-03-04,2266.8309999999997
2017-03-05,2315.027
2017-03-06,2081.7930000000006
2017-03-07,2099.658
2017-03-08,2053.413
2017-03-09,2069.033
2017-03-10,2089.1519999999996
2017-03-11,2236.831
2017-03-12,2321.2519999999995
2017-03-13,2076.215
2017-03-14,2064.4770000000003
2017-03-15,2055.697
2017-03-16,2027.8840000000002
2017-03-17,1994.643
2017-03-18,2191.0139999999997
2017-03-19,2180.769
2017-03-20,1890.3299999999997
2017-03-21,1861.975
2017-03-22,1901.222
2017-03-23,1885.9989999999998
2017-03-24,1895.2020000000002
2017-03-25,2073.827
2017-03-26,2146.3020000000006
2017-03-27,1967.6299999999999
2017-03-28,1937.4950000000001
2017-03-29,1898.2240000000002
2017-03-30,1875.818
2017-03-31,1856.7390000000005
2017-04-01,1994.7229999999995
2017-04-02,2006.1190000000001
2017-04-03,1805.8990000000001
2017-04-04,1850.0400000000002
2017-04-05,1889.685
2017-04-06,1914.72
2017-04-07,1940.9509999999998
2017-04-08,2027.2079999999996
2017-04-09,2003.0430000000001
2017-04-10,1801.102
2017-04-11,1892.039
2017-04-12,1867.0020000000002
2017-04-13,1889.596
2017-04-14,2021.7670000000003
2017-04-15,2139.576
2017-04-16,1907.915
2017-04-17,1965.497
2017-04-18,1996.84
2017-04-19,2068.672
2017-04-20,2072.24
2017-04-21,2029.3639999999998
2017-04-22,2094.5229999999997
2017-04-23,2170.368
2017-04-24,1905.7329999999997
2017-04-25,1894.376
2017-04-26,1900.973
2017-04-27,2022.704
2017-04-28,1981.7359999999999
2017-04-29,1979.581
2017-04-30,1932.291
2017-05-01,1788.844
2017-05-02,1881.5280000000002
2017-05-03,1843.641
2017-05-04,1838.3220000000003
2017-05-05,1937.776
2017-05-06,1963.1760000000002
2017-05-07,2026.4180000000003
2017-05-08,1797.3169999999998
2017-05-09,1864.532
2017-05-10,1841.147
2017-05-11,1824.0300000000002
2017-05-12,1796.6729999999998
2017-05-13,1933.61
2017-05-14,1950.3919999999998
2017-05-15,1788.4899999999996
2017-05-16,1726.4950000000001
2017-05-17,1726.966
2017-05-18,1729.868
2017-05-19,1746.1749999999997
2017-05-20,1903.4380000000003
2017-05-21,1913.9509999999998
2017-05-22,1711.7510000000002
2017-05-23,1718.3059999999998
2017-05-24,1744.752
2017-05-25,1740.8210000000001
2017-05-26,1724.8129999999999
2017-05-27,1845.8080000000007
2017-05-28,1875.9740000000002
2017-05-29,1735.5779999999997
2017-05-30,1767.6179999999995
2017-05-31,1778.7599999999998
2017-06-01,1782.19
2017-06-02,1778.9759999999994
2017-06-03,1879.3790000000004
2017-06-04,1892.698
2017-06-05,1719.8420000000003
2017-06-06,1732.11
2017-06-07,1769.207
2017-06-08,1709.1929999999998
2017-06-09,1710.298
2017-06-10,1823.602
2017-06-11,1854.706
2017-06-12,1742.4560000000001
2017-06-13,1777.6509999999998
2017-06-14,1747.3259999999996
2017-06-15,1761.174
2017-06-16,1763.474
2017-06-17,1816.5169999999998
2017-06-18,1824.342
2017-06-19,1718.592
2017-06-20,1784.3770000000002
2017-06-21,1801.809
2017-06-22,1849.4780000000003
2017-06-23,1881.6639999999998
2017-06-24,1931.5140000000004
2017-06-25,1879.381
2017-06-26,1752.892
2017-06-27,1743.1980000000003
2017-06-28,1761.3290000000002
2017-06-29,1731.722
2017-06-30,1719.9519999999998
2017-07-01,1775.542
2017-07-02,1785.8359999999998
2017-07-03,1672.4259999999997
2017-07-04,1696.9610000000002
2017-07-05,1743.1879999999996
2017-07-06,1815.4770000000003
2017-07-07,1817.188
2017-07-08,1862.4019999999996
2017-07-09,1936.896
2017-07-10,1924.445
2017-07-11,1844.2179999999998
2017-07-12,1788.861
2017-07-13,1779.215
2017-07-14,1713.7310000000002
2017-07-15,1736.234
2017-07-16,1722.8770000000002
2017-07-17,1633.7220000000002
2017-07-18,1693.0349999999999
2017-07-19,1736.1039999999998
2017-07-20,1781.0039999999997
2017-07-21,1813.677
2017-07-22,1883.3060000000003
2017-07-23,1861.6870000000001
2017-07-24,1745.694
2017-07-25,1690.9409999999998
2017-07-26,1670.672
2017-07-27,1676.5790000000002
2017-07-28,1711.1619999999998
2017-07-29,1770.0969999999998
2017-07-30,1799.2
2017-07-31,1807.6129999999996
2017-08-01,1896.988
2017-08-02,1924.3750000000002
2017-08-03,1906.0510000000002
2017-08-04,1995.274
2017-08-05,2004.3310000000001
2017-08-06,1881.1100000000004
2017-08-07,1722.8220000000001
2017-08-08,1744.43
2017-08-09,1880.3609999999999
2017-08-10,1911.8539999999996
2017-08-11,1836.7849999999999
2017-08-12,1785.9159999999997
2017-08-13,1676.055
2017-08-14,1625.5080000000003
2017-08-15,1624.899
2017-08-16,1742.6090000000002
2017-08-17,1765.629
2017-08-18,1806.147
2017-08-19,1820.7010000000002
2017-08-20,1814.3659999999998
2017-08-21,1699.5510000000002
2017-08-22,1713.4189999999996
2017-08-23,1718.516
2017-08-24,1736.013
2017-08-25,1771.086
2017-08-26,1838.106
2017-08-27,1871.6219999999996
2017-08-28,1773.217
2017-08-29,1736.2710000000004
2017-08-30,1738.5400000000004
2017-08-31,1794.618
2017-09-01,1810.7330000000004
2017-09-02,1921.12
2017-09-03,1913.611
2017-09-04,1727.0810000000001
2017-09-05,1736.8989999999997
2017-09-06,1754.5729999999999
2017-09-07,1862.354
2017-09-08,1838.5469999999996
2017-09-09,1935.6340000000005
2017-09-10,2008.5189999999998
2017-09-11,1884.86
2017-09-12,1921.3629999999998
2017-09-13,1841.641
2017-09-14,1854.429
2017-09-15,1954.1389999999997
2017-09-16,2133.3450000000003
2017-09-17,2150.463
2017-09-18,1919.534
2017-09-19,2079.0060000000003
2017-09-20,2042.8429999999994
2017-09-21,1969.0930000000003
2017-09-22,1941.446
2017-09-23,2041.474
2017-09-24,2155.2059999999997
2017-09-25,1974.6659999999997
2017-09-26,2030.339
2017-09-27,1994.3819999999998
2017-09-28,1945.416
2017-09-29,1955.6280000000002
2017-09-30,2096.536
2017-10-01,2130.3729999999996
2017-10-02,1947.7869999999998
2017-10-03,2019.728
2017-10-04,1945.1770000000001
2017-10-05,1911.8669999999997
2017-10-06,1996.5309999999997
2017-10-07,2112.9939999999997
2017-10-08,2166.5930000000003
2017-10-09,1956.5170000000003
2017-10-10,1954.9240000000002
2017-10-11,1933.1509999999998
2017-10-12,1910.6619999999998
2017-10-13,1923.4010000000003
2017-10-14,2052.5580000000004
2017-10-15,2072.977
2017-10-16,1873.5369999999996
2017-10-17,1883.7690000000002
2017-10-18,1888.064
2017-10-19,1906.4740000000004
2017-10-20,1929.4420000000002
2017-10-21,2072.13
2017-10-22,2276.6360000000004
2017-10-23,2066.739
2017-10-24,1984.8069999999998
2017-10-25,2016.169
2017-10-26,2003.757
2017-10-27,2059.543
2017-10-28,2230.087
2017-10-29,2286.4719999999993
2017-10-30,2092.3340000000003
2017-10-31,2210.358
2017-11-01,2176.2890000000007
2017-11-02,2122.712
2017-11-03,2101.285
2017-11-04,2217.402
2017-11-05,2213.68
2017-11-06,2163.364
2017-11-07,2219.2720000000004
2017-11-08,2190.788
2017-11-09,2180.246
2017-11-10,2185.21
2017-11-11,2384.9809999999998
2017-11-12,2383.4300000000003
2017-11-13,2291.1179999999995
2017-11-14,2268.89
2017-11-15,2340.679
2017-11-16,2317.221
2017-11-17,2327.352
2017-11-18,2484.072000000001
2017-11-19,2553.4979999999996
2017-11-20,2316.4359999999997
2017-11-21,2311.1730000000002
2017-11-22,2221.908
2017-11-23,2207.567
2017-11-24,2214.2129999999997
2017-11-25,2412.0420000000004
2017-11-26,2548.7730000000006
2017-11-27,2342.8500000000004
2017-11-28,2420.9289999999996
2017-11-29,2463.2400000000002
2017-11-30,2484.1140000000005
2017-12-01,2520.7940000000003
2017-12-02,2665.559
2017-12-03,2734.266
2017-12-04,2619.6610000000005
2017-12-05,2560.6660000000006
2017-12-06,2527.9809999999993
2017-12-07,2513.857
2017-12-08,2492.345
2017-12-09,2702.169
2017-12-10,2833.5830000000005
2017-12-11,2453.9089999999997
2017-12-12,2252.5389999999998
2017-12-13,2442.1949999999997
2017-12-14,2414.349
2017-12-15,2436.6719999999996
2017-12-16,2654.9770000000003
2017-12-17,2717.742
2017-12-18,2573.543
2017-12-19,2651.1879999999996
2017-12-20,2684.91
2017-12-21,2691.011
2017-12-22,2602.5930000000008
2017-12-23,2753.0009999999993
2017-12-24,2706.085
2017-12-25,2428.303
2017-12-26,2413.0950000000003
2017-12-27,2374.597
2017-12-28,2477.23
2017-12-29,2483.349
2017-12-30,2633.401
2017-12-31,2638.812000000001
2018-01-01,2434.833
2018-01-02,2532.3010000000004
2018-01-03,2515.554
2018-01-04,2533.0629999999996
2018-01-05,2425.2780000000002
2018-01-06,2501.545
2018-01-07,2479.984
2018-01-08,2289.6499999999996
2018-01-09,2337.628
2018-01-10,2312.8579999999997
2018-01-11,2373.679
2018-01-12,2397.3729999999996
2018-01-13,2638.719
2018-01-14,2719.249
2018-01-15,2530.4159999999997
2018-01-16,2446.319
2018-01-17,2442.1110000000003
2018-01-18,2428.8020000000006
2018-01-19,2477.1360000000004
2018-01-20,2637.1679999999997
2018-01-21,2591.761
2018-01-22,2423.445
2018-01-23,2427.781
2018-01-24,2422.728
2018-01-25,2380.771
2018-01-26,2348.723
2018-01-27,2588.7350000000006
2018-01-28,2577.248
2018-01-29,2325.472
2018-01-30,2285.126
2018-01-31,2376.296
2018-02-01,2336.471
2018-02-02,2479.73
2018-02-03,2712.983
2018-02-04,2699.2200000000007
2018-02-05,2475.8250000000003
2018-02-06,2502.9730000000004
2018-02-07,2528.977
2018-02-08,2617.391
2018-02-09,2515.59
2018-02-10,2660.1129999999994
2018-02-11,2631.445
2018-02-12,2555.3329999999996
2018-02-13,2516.5890000000004
2018-02-14,2514.395
2018-02-15,2561.9800000000005
2018-02-16,2531.6070000000004
2018-02-17,2674.32
2018-02-18,2703.596
2018-02-19,2514.9900000000002
2018-02-20,2571.3800000000006
2018-02-21,2602.648
2018-02-22,2632.565
2018-02-23,2644.92
2018-02-24,2845.4039999999995
2018-02-25,2936.734
2018-02-26,2959.2690000000002
2018-02-27,3005.591
2018-02-28,3042.3599999999997
2018-03-01,3096.0460000000003
2018-03-02,3032.817
2018-03-03,3026.896
2018-03-04,2891.0089999999996
2018-03-05,2645.5779999999995
2018-03-06,2569.315
2018-03-07,2447.9459999999995
2018-03-08,2340.4990000000003
2018-03-09,2329.129
2018-03-10,2488.9950000000003
2018-03-11,2505.9880000000003
2018-03-12,2181.9880000000003
2018-03-13,2172.556
2018-03-14,2185.4470000000006
2018-03-15,2188.359
2018-03-16,2245.267
2018-03-17,2540.8370000000004
2018-03-18,2649.096
2018-03-19,2507.8819999999996
2018-03-20,2527.7750000000005
2018-03-21,2469.592
2018-03-22,2444.5490000000004
2018-03-23,2504.1119999999996
2018-03-24,2596.9670000000006
2018-03-25,2496.5660000000003
2018-03-26,2304.6929999999998
2018-03-27,2277.911
2018-03-28,2216.0159999999996
2018-03-29,2262.714
2018-03-30,2422.0290000000005
2018-03-31,2484.252
2018-04-01,2148.565
2018-04-02,2155.906
2018-04-03,2007.1550000000002
2018-04-04,2028.7550000000003
2018-04-05,2038.441
2018-04-06,2000.644
2018-04-07,2148.3729999999996
2018-04-08,2139.0209999999997
2018-04-09,1915.3570000000002
2018-04-10,1949.506
2018-04-11,1891.895
2018-04-12,1984.0759999999998
2018-04-13,1926.326
2018-04-14,2040.0040000000004
2018-04-15,2106.101
2018-04-16,1848.4979999999996
2018-04-17,1855.1469999999997
2018-04-18,1824.478
2018-04-19,1814.7960000000003
2018-04-20,1811.7749999999999
2018-04-21,1928.376
2018-04-22,1945.9440000000004
2018-04-23,1751.8549999999998
2018-04-24,1759.989
2018-04-25,1771.8170000000005
2018-04-26,1804.517
2018-04-27,1842.8090000000002
2018-04-28,1788.2830000000001
2018-04-29,1779.4539999999997
2018-04-30,1718.045
2018-05-01,1710.353
2018-05-02,1795.7540000000004
2018-05-03,1747.9170000000001
2018-05-04,1821.173
2018-05-05,1910.8719999999996
2018-05-06,1925.1580000000004
2018-05-07,1708.5439999999999
2018-05-08,1733.746
2018-05-09,1735.914
2018-05-10,1747.595
2018-05-11,1763.1409999999996
2018-05-12,1896.972
2018-05-13,1921.221
2018-05-14,1781.6910000000003
2018-05-15,1806.35
2018-05-16,1772.327
2018-05-17,1764.831
2018-05-18,1784.3890000000001
2018-05-19,1910.76
2018-05-20,1950.62
2018-05-21,1737.3109999999997
2018-05-22,1766.9689999999998
2018-05-23,1757.1529999999998
2018-05-24,1781.0580000000002
2018-05-25,1783.782
2018-05-26,1882.8200000000002
2018-05-27,1913.208
2018-05-28,1760.957
2018-05-29,1783.6530000000002
2018-05-30,1772.0160000000003
2018-05-31,1800.2549999999999
2018-06-01,1821.962
2018-06-02,1916.754
2018-06-03,1917.447
2018-06-04,1789.1540000000002
2018-06-05,1789.16
2018-06-06,1779.6970000000001
2018-06-07,1790.691
2018-06-08,1806.8210000000001
2018-06-09,1887.232
2018-06-10,1935.563
2018-06-11,1826.8640000000003
2018-06-12,1855.6159999999995
2018-06-13,1796.2700000000002
2018-06-14,1769.9659999999997
2018-06-15,1754.243
2018-06-16,1843.291
2018-06-17,1892.6700000000003
2018-06-18,1743.0649999999998
2018-06-19,1769.2570000000003
2018-06-20,1792.601
2018-06-21,1832.6910000000003
2018-06-22,1801.6650000000002
2018-06-23,1798.2910000000002
2018-06-24,1772.908
2018-06-25,1784.1950000000002
2018-06-26,1695.3419999999996
2018-06-27,1726.4510000000002
2018-06-28,1779.9340000000002
2018-06-29,1767.617
2018-06-30,1861.6280000000004
2018-07-01,1854.3070000000002
2018-07-02,1717.3770000000004
2018-07-03,1761.145
2018-07-04,1771.1950000000002
2018-07-05,1792.521
2018-07-06,1773.612
2018-07-07,1843.675
2018-07-08,1832.2099999999996
2018-07-09,1723.096
2018-07-10,1750.0399999999997
2018-07-11,1806.128
2018-07-12,1743.2930000000001
2018-07-13,1756.927
2018-07-14,1834.9229999999998
2018-07-15,1869.6279999999997
2018-07-16,1714.5279999999998
2018-07-17,1729.425
2018-07-18,1735.163
2018-07-19,1759.737
2018-07-20,1780.1530000000002
2018-07-21,1814.5159999999996
2018-07-22,1820.3580000000006
2018-07-23,1730.694
2018-07-24,1716.0169999999998
2018-07-25,1734.115
2018-07-26,1741.4909999999998
2018-07-27,1749.869
2018-07-28,1827.0690000000002
2018-07-29,1866.5770000000005
2018-07-30,1834.835
2018-07-31,1875.343
2018-08-01,1873.6639999999998
2018-08-02,1819.957
2018-08-03,1843.914
2018-08-04,1886.087
2018-08-05,1889.5590000000002
2018-08-06,1863.663
2018-08-07,1906.3220000000001
2018-08-08,1914.0849999999996
2018-08-09,1946.3300000000002
2018-08-10,1911.551
2018-08-11,1878.7300000000002
2018-08-12,1859.4170000000001
2018-08-13,1812.904
2018-08-14,1801.7859999999998
2018-08-15,1759.1019999999999
2018-08-16,1734.528
2018-08-17,1762.5829999999996
2018-08-18,1833.492
2018-08-19,1877.877
2018-08-20,1829.417
2018-08-21,1863.1959999999997
2018-08-22,1872.341
2018-08-23,1880.2370000000003
2018-08-24,1869.3039999999996
2018-08-25,1939.5669999999998
2018-08-26,1955.8449999999998
2018-08-27,1720.5709999999997
2018-08-28,1730.2980000000002
2018-08-29,1751.797
2018-08-30,1775.484
2018-08-31,1809.106
2018-09-01,1976.7
2018-09-02,2004.6430000000003
2018-09-03,1827.5140000000001
2018-09-04,1846.0660000000003
2018-09-05,1808.5680000000002
2018-09-06,1807.1599999999999
2018-09-07,1830.9269999999997
2018-09-08,1933.9529999999997
2018-09-09,1935.0790000000002
2018-09-10,1784.463
2018-09-11,1799.694
2018-09-12,1810.6270000000002
2018-09-13,1822.7780000000002
2018-09-14,1825.9169999999997
2018-09-15,1923.9960000000003
2018-09-16,1946.747
2018-09-17,1782.4539999999997
2018-09-18,1792.4899999999998
2018-09-19,1800.856
2018-09-20,1808.3749999999998
2018-09-21,1806.2769999999996
2018-09-22,2046.279
2018-09-23,2002.1870000000004
2018-09-24,1853.8349999999996
2018-09-25,1915.8789999999997
2018-09-26,1967.0089999999998
2018-09-27,1971.905
2018-09-28,1944.5260000000003
2018-09-29,2095.398
2018-09-30,2166.6730000000002
2018-10-01,2002.8670000000002
2018-10-02,2047.641
2018-10-03,2010.3670000000002
2018-10-04,1980.836
2018-10-05,1995.2979999999998
2018-10-06,2142.342
2018-10-07,2188.0889999999995
2018-10-08,1958.0600000000002
2018-10-09,1911.7359999999999
2018-10-10,1914.668
2018-10-11,1931.1719999999998
2018-10-12,1941.1830000000002
2018-10-13,2086.9420000000005
2018-10-14,2131.832
2018-10-15,1997.3099999999997
2018-10-16,1997.5390000000002
2018-10-17,1977.7089999999998
2018-10-18,1968.4149999999997
2018-10-19,1985.867
2018-10-20,2129.6530000000007
2018-10-21,2284.6059999999998
2018-10-22,2066.076
2018-10-23,2052.729
2018-10-24,2015.073
2018-10-25,2027.946
2018-10-26,2051.693
2018-10-27,2224.128
2018-10-28,2352.6590000000006
2018-10-29,2047.8970000000004
2018-10-30,2008.045
2018-10-31,2114.527
2018-11-01,2124.614
2018-11-02,2105.5519999999997
2018-11-03,2165.5800000000004
2018-11-04,2198.1970000000006
2018-11-05,2001.223
2018-11-06,2033.013
2018-11-07,2066.912
2018-11-08,2033.5900000000001
2018-11-09,2091.1859999999997
2018-11-10,2265.7389999999996
2018-11-11,2273.566
2018-11-12,2004.2369999999999
2018-11-13,2020.7209999999998
2018-11-14,2110.201
2018-11-15,2140.663
2018-11-16,2208.5899999999997
2018-11-17,2456.137
2018-11-18,2603.8459999999995
2018-11-19,2472.3030000000003
2018-11-20,2527.911
2018-11-21,2460.434
2018-11-22,2433.9209999999994
2018-11-23,2393.029
2018-11-24,2589.8399999999997
2018-11-25,2555.0660000000003
2018-11-26,2352.4049999999997
2018-11-27,2438.3539999999994
2018-11-28,2491.928
2018-11-29,2607.562
2018-11-30,2697.9229999999993
2018-12-01,2823.4700000000003
2018-12-02,2767.7370000000005
2018-12-03,2384.3780000000006
2018-12-04,2319.4970000000003
2018-12-05,2415.013
2018-12-06,2492.911
2018-12-07,2486.302
2018-12-08,2654.101
2018-12-09,2682.6090000000004
2018-12-10,2490.6450000000004
2018-12-11,2590.455
2018-12-12,2578.955
2018-12-13,2708.556
2018-12-14,2762.862
2018-12-15,2910.4359999999997
2018-12-16,2932.0030000000006
2018-12-17,2759.4530000000004
2018-12-18,2800.458
2018-12-19,2807.9610000000007
2018-12-20,2802.781
2018-12-21,2744.8
2018-12-22,2788.701
2018-12-23,2832.0650000000005
2018-12-24,2790.863
2018-12-25,2719.4210000000007
2018-12-26,2779.3439999999996
2018-12-27,2756.384
2018-12-28,2787.286
2018-12-29,2873.8379999999997
2018-12-30,2886.387
2018-12-31,2854.328
2019-01-01,2528.0709999999995
2019-01-02,2687.7760000000003
2019-01-03,2685.0050000000006
2019-01-04,2776.4729999999995
2019-01-05,2937.9839999999995
2019-01-06,2925.8409999999994
2019-01-07,2769.3260000000005
2019-01-08,2812.104
2019-01-09,2757.887
2019-01-10,2752.0040000000004
2019-01-11,2743.2329999999997
2019-01-12,2914.4570000000003
2019-01-13,2810.296999999999
2019-01-14,2484.3559999999998
2019-01-15,2529.817
2019-01-16,2533.188
2019-01-17,2477.982
2019-01-18,2612.936
2019-01-19,2839.6099999999997
2019-01-20,2825.3680000000004
2019-01-21,2679.606
2019-01-22,2719.4249999999993
2019-01-23,2802.3089999999997
2019-01-24,2769.3710000000005
2019-01-25,2865.808
2019-01-26,3128.1830000000004
2019-01-27,3000.869
2019-01-28,2698.138
2019-01-29,2676.069
2019-01-30,2676.8429999999994
2019-01-31,2756.088
2019-02-01,2722.428
2019-02-02,2701.447
2019-02-03,2646.337
2019-02-04,2428.3749999999995
2019-02-05,2569.802
2019-02-06,2563.401
2019-02-07,2582.2919999999995
2019-02-08,2737.9169999999995
2019-02-09,2666.303
2019-02-10,2675.7289999999994
2019-02-11,2476.769
2019-02-12,2436.467
2019-02-13,2458.9339999999997
2019-02-14,2412.406
2019-02-15,2453.402
2019-02-16,2566.6179999999995
2019-02-17,2507.5860000000007
2019-02-18,2293.387
2019-02-19,2285.0950000000007
2019-02-20,2294.5470000000005
2019-02-21,2256.526
2019-02-22,2328.9539999999993
2019-02-23,2625.4939999999997
2019-02-24,2719.3779999999997
2019-02-25,2375.784
2019-02-26,2268.9030000000002
2019-02-27,2197.5430000000006
2019-02-28,2180.76
2019-03-01,2211.7010000000005
2019-03-02,2406.948
2019-03-03,2340.1609999999996
2019-03-04,2104.6259999999997
2019-03-05,2128.995
2019-03-06,2139.5389999999998
2019-03-07,2093.745
2019-03-08,2048.073
2019-03-09,2233.909
2019-03-10,2316.1629999999996
2019-03-11,2222.9249999999997
2019-03-12,2192.8169999999996
2019-03-13,2263.9709999999995
2019-03-14,2205.82
2019-03-15,2170.1450000000004
2019-03-16,2320.833000000001
2019-03-17,2262.1150000000002
2019-03-18,2269.1720000000005
2019-03-19,2267.314
2019-03-20,2213.7559999999994
2019-03-21,2197.425
2019-03-22,2159.15
2019-03-23,2245.1390000000006
2019-03-24,2204.037
2019-03-25,2090.327
2019-03-26,2109.777
2019-03-27,2226.9030000000002
2019-03-28,2191.6090000000004
2019-03-29,2097.673
2019-03-30,2243.2360000000003
2019-03-31,2115.031
2019-04-01,1955.3280000000004
2019-04-02,1958.46
2019-04-03,1983.8349999999998
2019-04-04,2020.98
2019-04-05,2148.531
2019-04-06,2265.5639999999994
2019-04-07,2290.987
2019-04-08,2060.402
2019-04-09,2038.0940000000003
2019-04-10,2080.9379999999996
2019-04-11,2188.525
2019-04-12,2210.72
2019-04-13,2368.8549999999996
2019-04-14,2432.2599999999998
2019-04-15,2065.666
2019-04-16,2038.7640000000004
2019-04-17,2006.062
2019-04-18,2040.8729999999998
2019-04-19,2144.21
2019-04-20,2164.3359999999993
2019-04-21,1900.43
2019-04-22,1927.8279999999997
2019-04-23,2004.249
2019-04-24,1890.373
2019-04-25,1813.974
2019-04-26,1805.35
2019-04-27,1983.8470000000002
2019-04-28,2042.6199999999994
2019-04-29,1964.238
2019-04-30,1957.7100000000005
2019-05-01,1807.502
2019-05-02,1800.729
2019-05-03,1887.6760000000002
2019-05-04,2083.2439999999997
2019-05-05,2297.516
2019-05-06,2099.3549999999996
2019-05-07,1987.9679999999998
2019-05-08,1967.1360000000002
2019-05-09,2062.212
2019-05-10,1947.142
2019-05-11,2016.2420000000002
2019-05-12,2236.3330000000005
2019-05-13,2104.262
2019-05-14,2112.535
2019-05-15,2185.984
2019-05-16,2063.8309999999997
2019-05-17,1976.3389999999997
2019-05-18,2128.211
2019-05-19,2142.161
2019-05-20,1904.835
2019-05-21,1934.2220000000002
2019-05-22,1881.288
2019-05-23,1815.286
2019-05-24,1779.9449999999997
2019-05-25,1913.0869999999995
2019-05-26,1945.6640000000002
2019-05-27,1865.581
2019-05-28,1868.0529999999999
2019-05-29,1963.2710000000002
2019-05-30,1965.3660000000002
2019-05-31,1857.5919999999996
2019-06-01,1945.8210000000001
2019-06-02,1951.606
2019-06-03,1736.2640000000001
2019-06-04,1747.7000000000005
2019-06-05,1757.336
2019-06-06,1751.7410000000004
2019-06-07,1772.498
2019-06-08,1901.284
2019-06-09,1922.7630000000001
2019-06-10,1814.234
2019-06-11,1843.2969999999998
2019-06-12,1844.7620000000002
2019-06-13,1866.1620000000005
2019-06-14,1853.552
2019-06-15,1950.5089999999998
2019-06-16,1968.147
2019-06-17,1759.753
2019-06-18,1760.8770000000002
2019-06-19,1783.7890000000002
2019-06-20,1797.2650000000003
2019-06-21,1793.7629999999997
2019-06-22,1863.665
2019-06-23,1885.1429999999998
2019-06-24,1725.993
2019-06-25,1794.496
2019-06-26,1855.8000000000002
2019-06-27,1944.387
2019-06-28,1848.6510000000003
2019-06-29,1829.3560000000002
2019-06-30,1857.3229999999999
2019-07-01,1851.6680000000001
2019-07-02,1837.862
2019-07-03,1777.2919999999997
2019-07-04,1747.711
2019-07-05,1760.915
2019-07-06,1881.964
2019-07-07,1875.2469999999998
2019-07-08,1725.1370000000002
2019-07-09,1731.5199999999995
2019-07-10,1685.5299999999997
2019-07-11,1692.281
2019-07-12,1715.0929999999998
2019-07-13,1798.2979999999998
2019-07-14,1794.1780000000003
2019-07-15,1673.7880000000002
2019-07-16,1676.6080000000002
2019-07-17,1703.366
2019-07-18,1719.643
2019-07-19,1733.1029999999998
2019-07-20,1803.8509999999999
2019-07-21,1833.716
2019-07-22,1782.0190000000005
2019-07-23,1829.131
2019-07-24,1891.53
2019-07-25,1952.6519999999998
2019-07-26,1917.5309999999997
2019-07-27,1919.379
2019-07-28,1883.8039999999999
2019-07-29,1747.8310000000001
2019-07-30,1775.9070000000002
2019-07-31,1802.389
2019-08-01,1768.8169999999998
2019-08-02,1767.6619999999996
2019-08-03,1771.365
2019-08-04,1754.1619999999996
2019-08-05,1682.2660000000003
2019-08-06,1739.9370000000001
2019-08-07,1777.899
2019-08-08,1790.8789999999997
2019-08-09,1778.5420000000001
2019-08-10,1899.263
2019-08-11,1882.084
2019-08-12,1866.8470000000004
2019-08-13,1790.998
2019-08-14,1720.283
2019-08-15,1676.6470000000002
2019-08-16,1695.2289999999998
2019-08-17,1722.6530000000002
2019-08-18,1776.8629999999996
2019-08-19,1760.663
2019-08-20,1814.8280000000002
2019-08-21,1779.795
2019-08-22,1752.5880000000002
2019-08-23,1771.1409999999998
2019-08-24,1852.3400000000001
2019-08-25,1865.641
2019-08-26,1785.7899999999997
2019-08-27,1803.2599999999998
2019-08-28,1840.247
2019-08-29,1867.4799999999998
2019-08-30,1855.959
2019-08-31,1926.85
2019-09-01,1975.9859999999996
2019-09-02,1811.4959999999996
2019-09-03,1752.715
2019-09-04,1715.9159999999997
2019-09-05,1722.047
2019-09-06,1839.5410000000002
2019-09-07,1983.373
2019-09-08,2057.594
2019-09-09,1803.583
2019-09-10,1773.249
2019-09-11,1788.3249999999998
2019-09-12,1758.0430000000001
2019-09-13,1753.3110000000004
2019-09-14,1871.3129999999996
2019-09-15,1890.934
2019-09-16,1742.502
2019-09-17,1776.003
2019-09-18,1870.16
2019-09-19,1811.4450000000002
2019-09-20,1834.6820000000002
2019-09-21,1955.679
2019-09-22,2079.084
2019-09-23,1944.226
2019-09-24,1890.713
2019-09-25,1935.3139999999996
2019-09-26,1866.659
2019-09-27,1854.7509999999997
2019-09-28,2050.716
2019-09-29,2061.501
2019-09-30,1800.9740000000002
2019-10-01,1799.334
2019-10-02,1914.7370000000003
2019-10-03,1946.0230000000001
2019-10-04,1966.1200000000001
2019-10-05,2113.047
2019-10-06,2175.3669999999997
2019-10-07,2039.7209999999995
2019-10-08,2011.777
2019-10-09,1994.5109999999995
2019-10-10,2086.1949999999997
2019-10-11,1987.5880000000002
2019-10-12,2084.358
2019-10-13,2086.848
2019-10-14,1873.6090000000002
2019-10-15,1881.472
2019-10-16,1903.826
2019-10-17,1898.8549999999998
2019-10-18,1928.8609999999994
2019-10-19,2054.492
2019-10-20,2090.536
2019-10-21,1833.492
2019-10-22,1841.518
2019-10-23,1855.9270000000004
2019-10-24,1880.985
2019-10-25,1913.8099999999997
2019-10-26,2064.943
2019-10-27,2146.84
2019-10-28,2018.4569999999999
2019-10-29,2187.112
2019-10-30,2220.4610000000002
2019-10-31,2398.951
2019-11-01,2278.816
2019-11-02,2290.0170000000003
2019-11-03,2281.4600000000005
2019-11-04,2092.1699999999996
2019-11-05,2152.54
2019-11-06,2166.801
2019-11-07,2144.715
2019-11-08,2233.109
2019-11-09,2414.5060000000003
2019-11-10,2491.415
2019-11-11,2301.7789999999995
2019-11-12,2329.0160000000005
2019-11-13,2354.088
2019-11-14,2360.171
2019-11-15,2333.4100000000003
2019-11-16,2460.7429999999995
2019-11-17,2411.218
2019-11-18,2161.823
2019-11-19,2193.573
2019-11-20,2307.8150000000005
2019-11-21,2251.2560000000003
2019-11-22,2294.339
2019-11-23,2487.17
2019-11-24,2522.044
2019-11-25,2312.1769999999997
2019-11-26,2353.0519999999997
2019-11-27,2313.841
2019-11-28,2258.985
2019-11-29,2243.475
2019-11-30,2525.8469999999998
2019-12-01,2765.8360000000002
2019-12-02,2569.925
2019-12-03,2555.7889999999998
2019-12-04,2687.6579999999994
2019-12-05,2740.009
2019-12-06,2744.1159999999995
2019-12-07,2871.6090000000004
2019-12-08,2854.1769999999997
2019-12-09,2572.993
2019-12-10,2601.419
2019-12-11,2722.3750000000005
2019-12-12,2856.179
2019-12-13,2835.7349999999997
2019-12-14,2919.008
2019-12-15,2942.3679999999995
2019-12-16,2536.5930000000003
2019-12-17,2386.855
2019-12-18,2352.3790000000004
2019-12-19,2373.042000000001
2019-12-20,2364.9800000000005
2019-12-21,2600.162
2019-12-22,2745.5059999999994
2019-12-23,2567.902
2019-12-24,2775.8689999999997
2019-12-25,2603.2269999999994
2019-12-26,2636.6509999999994
2019-12-27,2710.598
2019-12-28,2832.850999999999
2019-12-29,2934.023
2019-12-30,2945.576
2019-12-31,3038.2140000000004
2020-01-01,2733.969
2020-01-02,2777.434
2020-01-03,2786.8110000000006
2020-01-04,2816.216
2020-01-05,2786.4059999999995
2020-01-06,2849.0409999999997
2020-01-07,2879.858
2020-01-08,2815.1959999999995
2020-01-09,2645.6960000000004
2020-01-10,2587.7999999999997
2020-01-11,2825.852
2020-01-12,2824.2420000000006
2020-01-13,2735.9720000000007
2020-01-14,2682.5190000000002
2020-01-15,2658.7329999999997
2020-01-16,2654.938000000001
2020-01-17,2754.1619999999994
2020-01-18,3051.943
2020-01-19,2936.3820000000005
2020-01-20,2749.1839999999997
2020-01-21,2712.7959999999994
2020-01-22,2753.8329999999996
2020-01-23,2914.829
2020-01-24,2924.283
2020-01-25,2884.3469999999998
2020-01-26,2904.2990000000004
2020-01-27,2622.931
2020-01-28,2554.947
2020-01-29,2552.0609999999997
2020-01-30,2530.3790000000004
2020-01-31,2442.038
2020-02-01,2580.929
2020-02-02,2535.2539999999995
2020-02-03,2255.814
2020-02-04,2377.12
2020-02-05,2461.09
2020-02-06,2479.6700000000005
2020-02-07,2575.37
2020-02-08,2740.8900000000003
2020-02-09,2702.4280000000003
2020-02-10,2364.641
2020-02-11,2351.3360000000007
2020-02-12,2401.632
2020-02-13,2440.2690000000002
2020-02-14,2306.9419999999996
2020-02-15,2514.495
2020-02-16,2560.5069999999996
2020-02-17,2252.828
2020-02-18,2289.4860000000003
2020-02-19,2281.0570000000007
2020-02-20,2356.6960000000004
2020-02-21,2380.432
2020-02-22,2483.187
2020-02-23,2478.904
2020-02-24,2319.4429999999998
2020-02-25,2348.47
2020-02-26,2470.183
2020-02-27,2420.7560000000003
2020-02-28,2371.54
2020-02-29,2652.9920000000006
2020-03-01,2560.9329456568516
2020-03-02,2221.943934061845
2020-03-03,2233.0193358987376
2020-03-04,2337.5066648530023
2020-03-05,2315.112985235612
2020-03-06,2423.341023060703
2020-03-07,2480.568648227752
2020-03-08,2494.7614995736835
2020-03-09,2296.6819331067895
2020-03-10,2232.1028041734908
2020-03-11,2115.5621596592064
2020-03-12,2071.237742411657
2020-03-13,2322.916349685297
2020-03-14,2451.449057256314
2020-03-15,2452.3399047479384
2020-03-16,2280.355859237235
2020-03-17,2181.8528747183136
2020-03-18,2120.3607436998927
2020-03-19,2095.1965897036616
2020-03-20,2047.8491896694961
2020-03-21,2291.6165255086325
2020-03-22,2508.7972149438706
2020-03-23,2442.4477548474747
2020-03-24,2620.878330075259
2020-03-25,2713.049887846225
2020-03-26,2728.0192801909134
2020-03-27,2444.1942433577797
2020-03-28,2437.874548943442
2020-03-29,2322.9980642800124
2020-03-30,2431.1957430219295
2020-03-31,2405.1248476251412
2020-04-01,2401.8379999999997
2020-04-02,2359.54
2020-04-03,2277.2369999999996
2020-04-04,2371.876
2020-04-05,2332.231
2020-04-06,2088.694
2020-04-07,2099.562
2020-04-08,2098.0400000000004
2020-04-09,2071.174
2020-04-10,2126.1079999999997
2020-04-11,2214.534
2020-04-12,1911.6900000000003
2020-04-13,1946.372
2020-04-14,2115.216
2020-04-15,2063.559
2020-04-16,1981.181
2020-04-17,1891.7359999999999
2020-04-18,1993.475
2020-04-19,2037.7810000000004
2020-04-20,1960.578
2020-04-21,1949.818
2020-04-22,1944.876
2020-04-23,1933.1140000000003
2020-04-24,1916.6310000000003
2020-04-25,2003.0659999999998
2020-04-26,2022.0910000000001
2020-04-27,1930.55
2020-04-28,1866.791
2020-04-29,1947.9910000000002
2020-04-30,1884.2349999999997
2020-05-01,1988.429
2020-05-02,1997.556
2020-05-03,2042.0089999999998
2020-05-04,1839.5549999999998
2020-05-05,1995.195
2020-05-06,1923.676
2020-05-07,1881.0289999999995
2020-05-08,1845.2420000000002
2020-05-09,1928.0690000000002
2020-05-10,1988.745
2020-05-11,1868.608
2020-05-12,2063.097
2020-05-13,1915.8609999999999
2020-05-14,1846.452
2020-05-15,1960.6440000000002
2020-05-16,2082.145
2020-05-17,2102.9120000000003
2020-05-18,1774.9859999999999
2020-05-19,1989.4880000000003
2020-05-20,1931.3479999999997
2020-05-21,1800.3099999999995
2020-05-22,1795.3890000000001
2020-05-23,1931.845
2020-05-24,1970.9189999999999
2020-05-25,1811.695
2020-05-26,1832.342
2020-05-27,1795.6680000000001
2020-05-28,1917.4739999999997
2020-05-29,1921.7840000000006
2020-05-30,2079.973
2020-05-31,2171.492
2020-06-01,1846.0590000000002
2020-06-02,1819.4399999999996
2020-06-03,1765.0250000000003
2020-06-04,1844.716
2020-06-05,1889.2780000000002
2020-06-06,1918.4469999999997
2020-06-07,1921.761
2020-06-08,1885.4049999999997
2020-06-09,1884.3630000000003
2020-06-10,1818.611
2020-06-11,1775.97
2020-06-12,1754.9579999999996
2020-06-13,1884.097
2020-06-14,1976.492
2020-06-15,1863.0449999999998
2020-06-16,1819.6310000000005
2020-06-17,1829.61
2020-06-18,1787.9140000000002
2020-06-19,1804.0409999999997
2020-06-20,1954.6799999999998
2020-06-21,2005.6870000000004
2020-06-22,1730.1220000000003
2020-06-23,1736.009
2020-06-24,1728.745
2020-06-25,1897.2950000000003
2020-06-26,1740.911
2020-06-27,1803.7340000000002
2020-06-28,1902.4790000000003
2020-06-29,1832.1050000000002
2020-06-30,1776.142
2020-07-01,1820.893
2020-07-02,1805.076
2020-07-03,1841.9240000000002
2020-07-04,1838.5590000000002
2020-07-05,1842.4340000000002
2020-07-06,1757.5670000000002
2020-07-07,1700.3880000000001
2020-07-08,1690.8870000000002
2020-07-09,1728.3860000000002
2020-07-10,1784.3750000000002
2020-07-11,1919.6980000000003
2020-07-12,1814.19
2020-07-13,1670.823
2020-07-14,1677.1
2020-07-15,1695.899
2020-07-16,1734.947
2020-07-17,1768.0660000000003
2020-07-18,1843.5549999999998
2020-07-19,1829.481
2020-07-20,1699.9930000000002
2020-07-21,1756.1070000000002
2020-07-22,1788.7410000000002
2020-07-23,1745.853
2020-07-24,1798.5780000000002
2020-07-25,1861.617
2020-07-26,1822.266
2020-07-27,1712.643
2020-07-28,1806.7849999999999
2020-07-29,1854.0120000000002
2020-07-30,1870.9189999999996
2020-07-31,1930.2910000000004
2020-08-01,1943.1759999999997
2020-08-02,1953.9249999999997
2020-08-03,1809.3040000000005
2020-08-04,1753.015
2020-08-05,1762.4780000000003
2020-08-06,1720.4169999999997
2020-08-07,1726.9869999999999
2020-08-08,1813.1199999999994
2020-08-09,1893.6169999999997
2020-08-10,1822.1660000000002
2020-08-11,1832.0620000000001
2020-08-12,1808.5839999999998
2020-08-13,1850.9530000000002
2020-08-14,1840.559
2020-08-15,1844.8619999999996
2020-08-16,1874.91
2020-08-17,1800.8710000000003
2020-08-18,1788.6
2020-08-19,1749.916
2020-08-20,1736.78
2020-08-21,1838.973
2020-08-22,1958.239
2020-08-23,1993.0109999999997
2020-08-24,1827.0439999999999
2020-08-25,1758.5370000000003
2020-08-26,1778.1299999999997
2020-08-27,1796.4490000000003
2020-08-28,1825.362
2020-08-29,1966.1410000000003
2020-08-30,2036.198
2020-08-31,1886.7419999999995
2020-09-01,1784.9622209700003
2020-09-02,1774.51347608
2020-09-03,1776.1745020600001
2020-09-04,1746.8845751600002
2020-09-05,1863.751638
2020-09-06,1931.8251347099997
2020-09-07,1815.3518177899998
2020-09-08,1754.72667976
2020-09-09,1748.6786731400002
2020-09-10,1768.5638327699996
2020-09-11,1782.6017571700002
2020-09-12,1886.47084683
2020-09-13,1915.3562806999998
2020-09-14,1750.4151817800002
2020-09-15,1764.4376822299998
2020-09-16,1791.829662
2020-09-17,1826.4391136199997
2020-09-18,1811.6249469900001
2020-09-19,1898.0743450999998
2020-09-20,1932.1913937099996
2020-09-21,1763.5702569099997
2020-09-22,1809.8520370600004
2020-09-23,1835.6513177600002
2020-09-24,1819.53681958
2020-09-25,1962.82442166
2020-09-26,2140.70803561
2020-09-27,2198.6792814600003
2020-09-28,2096.0438029499996
2020-09-29,1959.4912096200003
2020-09-30,1933.6378279
2020-10-01,1922.6473254031932
2020-10-02,2014.435523730204
2020-10-03,2166.25720126348
2020-10-04,2180.5157733396213
2020-10-05,2000.7499425831154
2020-10-06,1935.5098872555009
2020-10-07,2127.3951328490384
2020-10-08,1990.175355032897
2020-10-09,2000.7960265527772
2020-10-10,2155.1326824696766
2020-10-11,2500.361525107276
2020-10-12,2272.095464198
2020-10-13,2273.939027917105
2020-10-14,2128.837354321343
2020-10-15,2368.7995245106354
2020-10-16,2287.7675317834746
2020-10-17,2404.4849251717433
2020-10-18,2408.0212949676943
2020-10-19,2164.1699892914967
2020-10-20,2207.2776433414147
2020-10-21,2109.3824550755935
2020-10-22,2045.2442089689591
2020-10-23,2104.7663104024955
2020-10-24,2331.9993641601845
2020-10-25,2311.103501551195
2020-10-26,2065.2020569594165
2020-10-27,2218.9680037107123
2020-10-28,2121.4308880840194
2020-10-29,2221.4229397273066
2020-10-30,2154.6364602733956
2020-10-31,2265.119833779182
2020-11-01,2323.2598587168936
2020-11-02,2075.233590464767
2020-11-03,2013.8775191729483
2020-11-04,2209.202041426579
2020-11-05,2200.375002310316
2020-11-06,2193.6875076821952
2020-11-07,2435.2767927145887
2020-11-08,2524.571908367021
2020-11-09,2441.759387824706
2020-11-10,2476.4480963630776
2020-11-11,2500.0350288241725
2020-11-12,2453.222391175336
2020-11-13,2407.2216623268314
2020-11-14,2567.714668649451
2020-11-15,2639.2460442061756
2020-11-16,2478.480127091321
2020-11-17,2353.4620241774105
2020-11-18,2380.7136989697215
2020-11-19,2504.6224357692536
2020-11-20,2514.6681209279227
2020-11-21,2740.5965188352734
2020-11-22,2870.43834092737
2020-11-23,2639.3254552896224
2020-11-24,2646.4788680049382
2020-11-25,2795.0600927697697
2020-11-26,2832.4557193428336
2020-11-27,2863.962527010857
2020-11-28,3049.013883504537
2020-11-29,2999.7702236711134
2020-11-30,2809.361575751113
2020-12-01,2964.5009999999997
2020-12-02,3035.2509999999997
2020-12-03,3025.707
2020-12-04,2984.4539999999997
2020-12-05,3108.6649999999995
2020-12-06,3101.837
2020-12-07,2686.7540000000004
2020-12-08,2852.4399999999996
2020-12-09,2890.709000000001
2020-12-10,2852.3190000000004
2020-12-11,2848.4929999999995
2020-12-12,3014.3120000000004
2020-12-13,3016.346
2020-12-14,2815.077999999999
2020-12-15,2865.8099999999995
2020-12-16,2842.779
2020-12-17,2798.496
2020-12-18,2828.250000000001
2020-12-19,3048.251
2020-12-20,3105.631
2020-12-21,2894.462
2020-12-22,2810.447
2020-12-23,2701.9400000000005
2020-12-24,2802.9139999999998
2020-12-25,2733.444
2020-12-26,2850.374
2020-12-27,3091.98
2020-12-28,2955.921
2020-12-29,2900.422
2020-12-30,2878.051000000001
2020-12-31,3056.1210000000005
2021-01-01,2743.424056887608
2021-01-02,2800.6890000000003
2021-01-03,2784.978
2021-01-04,2675.3709999999996
2021-01-05,2646.77
2021-01-06,2775.567
2021-01-07,2801.775
2021-01-08,2843.255
2021-01-09,3062.8420000000006
2021-01-10,3180.385
2021-01-11,2971.3500000000004
2021-01-12,3084.7909999999997
2021-01-13,2989.027
2021-01-14,2972.2100000000005
2021-01-15,3011.3520000000008
2021-01-16,3235.8659999999995
2021-01-17,3338.8769999999995
2021-01-18,2994.9339999999993
2021-01-19,2958.584
2021-01-20,2701.24
2021-01-21,2629.5739999999996
2021-01-22,2552.501
2021-01-23,2711.521
2021-01-24,2887.081
2021-01-25,2780.1360000000004
2021-01-26,2786.4260000000004
2021-01-27,2815.374
2021-01-28,2838.9490000000005
2021-01-29,2781.254999999999
2021-01-30,2879.223
2021-01-31,3072.3860000000004
2021-02-01,2799.926839021839
2021-02-02,2727.815182590854
2021-02-03,2593.0993718306136
2021-02-04,2343.067273270999
2021-02-05,2385.3328713667215
2021-02-06,2547.410200342974
2021-02-07,2558.0604251866907
2021-02-08,2577.308448758941
2021-02-09,2562.2243939011064
2021-02-10,2633.9994603433342
2021-02-11,2846.827700019619
2021-02-12,2997.7920441766346
2021-02-13,3188.9645139214963
2021-02-14,3041.252534089248
2021-02-15,2822.690993051226
2021-02-16,2651.0116653729506
2021-02-17,2625.0783737080105
2021-02-18,2526.895825082961
2021-02-19,2409.8250193364033
2021-02-20,2478.7586881769716
2021-02-21,2527.24215966872
2021-02-22,2195.3545961448535
2021-02-23,2173.777216049029
2021-02-24,2188.6881641298783
2021-02-25,2164.6367850040024
2021-02-26,2147.0471240687593
2021-02-27,2475.5066319566877
2021-02-28,2529.9315690424964
2021-03-01,2276.6053188509604
2021-03-02,2276.427282376057
2021-03-03,2240.883608792038
2021-03-04,2216.110203539718
2021-03-05,2286.955787107282
2021-03-06,2557.0791814628683
2021-03-07,2641.285310794447
2021-03-08,2320.5979973135795
2021-03-09,2344.85605517111
2021-03-10,2442.8003873923103
2021-03-11,2486.596835936645
2021-03-12,2373.839282573666
2021-03-13,2447.4567164362447
2021-03-14,2750.621499908386
2021-03-15,2271.7893960446563
2021-03-16,2312.865734935271
2021-03-17,2407.4069928225517
2021-03-18,2488.2933372379152
2021-03-19,2480.5667118101665
2021-03-20,2857.47220074719
2021-03-21,2772.4801888507723
2021-03-22,2443.8619447081055
2021-03-23,2348.075611540682
2021-03-24,2199.6726166862927
2021-03-25,2170.414522163432
2021-03-26,2101.730604200337
2021-03-27,2267.6552560727077
2021-03-28,2426.6645257771083
2021-03-29,2036.0085470563295
2021-03-30,1920.968700037063
2021-03-31,1855.976080465912
2021-04-01,1895.9168273370997
2021-04-02,2096.0883834042024
2021-04-03,2353.739678020022
2021-04-04,2123.9252157710675
2021-04-05,2155.6258272693267
2021-04-06,2469.2985438335677
2021-04-07,2497.846859190638
2021-04-08,2347.078955572557
2021-04-09,2211.1721420723443
2021-04-10,2257.2608956862473
2021-04-11,2373.901443616068
2021-04-12,2117.846834552969
2021-04-13,2418.3186110993815
2021-04-14,2262.6007940937634
2021-04-15,2248.4536730405425
2021-04-16,2168.43571129743
2021-04-17,2440.674020354143
2021-04-18,2507.9718083371395
2021-04-19,2223.5964572474854
2021-04-20,2113.332974559241
2021-04-21,1988.2609600527323
2021-04-22,1915.1643103593194
2021-04-23,1890.719215792581
2021-04-24,1999.6605394173398
2021-04-25,2045.5239727294259
2021-04-26,2115.439296200866
2021-04-27,2423.8185588624096
2021-04-28,2181.6513258554733
2021-04-29,1975.6986535339024
2021-04-30,1894.9377586578748
2021-05-01,1910.0943236490739
2021-05-02,2163.215553143831
2021-05-03,1913.5032233136076
2021-05-04,1824.5937431378916
2021-05-05,1896.6674288940558
2021-05-06,2159.4870532864547
2021-05-07,2271.792082722473
2021-05-08,2094.708616759057
2021-05-09,1993.0520561289766
2021-05-10,1694.6308651170878
2021-05-11,1661.3423292146695
2021-05-12,1854.0389575185993
2021-05-13,1834.6140913996119
2021-05-14,1848.1532054896081
2021-05-15,1973.2763826798105
2021-05-16,2009.9866192448642
2021-05-17,1926.5017061324652
2021-05-18,1768.0351199947538
2021-05-19,2043.7438149421412
2021-05-20,1824.9062824498142
2021-05-21,1774.9161131342773
2021-05-22,1999.365493563029
2021-05-23,2223.65667074081
2021-05-24,2094.1073697092042
2021-05-25,2028.9700921518468
2021-05-26,1787.0880253601956
2021-05-27,1803.9051724143792
2021-05-28,1769.4411079584181
2021-05-29,2071.1784588709106
2021-05-30,2074.312423762416
2021-05-31,1770.6882999534787
